"First Name","Last Name"
"Cadie","Anderson"
"Sienna","Johnston"
"Tess","Hawkins"
"Melissa","Walker"
"Vanessa","Owens"
"Harold","Evans"
"Heather","Adams"
"Amy","Smith"
"Patrick","Robinson"
"Belinda","Walker"
"Vincent","Davis"
"Steven","Cunningham"
"Aiden","Harper"
"Amy","Bailey"
"Lucia","Morgan"
"Jared","Tucker"
"George","Robinson"
"Melissa","Craig"
"George","Phillips"
"Penelope","Hall"
"Cherry","Campbell"
"Emma","Andrews"
"Charlotte","Robinson"
"Ted","Nelson"
"Dainton","Adams"
"Anna","Perry"
"Victor","Wilson"
"Connie","Johnson"
"Clark","Turner"
"Miranda","Harris"
"Eleanor","Nelson"
"Melanie","Adams"
"Anna","Williams"
"David","Crawford"
"Madaline","Ross"
"Stuart","Perkins"
"Frederick","Johnson"
"Rubie","Robinson"
"Haris","Hall"
"Samantha","Ross"
"Jacob","Morgan"
"Bruce","Howard"
"Alissa","Henderson"
"Elise","Barrett"
"Paige","Wells"
"Annabella","Foster"
"Victoria","Brooks"
"Maya","Campbell"
"Daryl","Grant"
"Blake","Johnston"
"Ryan","Andrews"
"Byron","Grant"
"Adam","Montgomery"
"Kirsten","Kelley"
"Andrew","Foster"
"Penelope","Douglas"
"Rebecca","Ross"
"Alissa","Brown"
"Jasmine","Chapman"
"Frederick","West"
"Roman","Spencer"
"Leonardo","Evans"
"Arnold","Lloyd"
"Sophia","Bailey"
"Abraham","Foster"
"Maria","Casey"
"Haris","Foster"
"Adrian","Stewart"
"John","Edwards"
"Eddy","Rogers"
"Briony","Cunningham"
"Frederick","Perry"
"Lydia","Morrison"
"Reid","Kelly"
"Sabrina","Holmes"
"Derek","Henderson"
"Tyler","Adams"
"Lyndon","Moore"
"Preston","Foster"
"Roman","Morgan"
"Henry","Richardson"
"Steven","Farrell"
"Henry","Morrison"
"Harold","Hunt"
"Alexander","Hall"
"Nicole","Carter"
"Briony","Harris"
"Melanie","Casey"
"Arthur","Johnston"
"Preston","Higgins"
"Brad","Smith"
"Catherine","Johnston"
"Myra","Tucker"
"Julian","Thompson"
"Maria","Harris"
"Oliver","Allen"
"Eric","Cole"
"James","Stevens"
"Lilianna","Martin"
"Valeria","Lloyd"
"Justin","Lloyd"
"Madaline","Bailey"
"Ted","Gray"
"Alfred","Russell"
"Roman","Bennett"
"Alisa","Thompson"
"Samantha","Lloyd"
"Alisa","Cameron"
"Charlie","Holmes"
"Amelia","Kelley"
"Myra","Baker"
"Lily","Hall"
"Lyndon","Evans"
"Michael","Richardson"
"Miller","Ellis"
"Kevin","Tucker"
"Jared","Crawford"
"Tara","Spencer"
"Annabella","Armstrong"
"Caroline","Cole"
"Elaine","Hall"
"Michelle","Rogers"
"Derek","Foster"
"Alexander","Kelly"
"Emma","Sullivan"
"Kelsey","Clark"
"Lana","Sullivan"
"Penelope","Ferguson"
"Hailey","Jones"
"Robert","Payne"
"Sofia","Edwards"
"Elise","Murray"
"April","Hamilton"
"Vanessa","Elliott"
"Emily","Crawford"
"Nicole","Higgins"
"Kelvin","Adams"
"Fenton","Hawkins"
"Maria","Davis"
"Isabella","Grant"
"Adison","Allen"
"Tara","Morris"
"Nicole","Ross"
"Tony","Reed"
"Heather","Ross"
"Ryan","Wright"
"Jared","Hawkins"
"Tess","Baker"
"Edwin","Brooks"
"Lenny","Crawford"
"Brooke","Riley"
"Kristian","Stewart"
"Natalie","Gibson"
"Carlos","Ryan"
"Aldus","Sullivan"
"Ryan","Allen"
"Sawyer","Wilson"
"Lydia","Moore"
"Daisy","Bennett"
"Melanie","Andrews"
"Blake","Myers"
"Fiona","Thompson"
"Savana","Riley"
"Vivian","Miller"
"Tiana","Thompson"
"Isabella","Barrett"
"Paul","Armstrong"
"Adelaide","Carroll"
"Sofia","Morgan"
"Patrick","Cooper"
"Edgar","Bailey"
"Brianna","Crawford"
"Alina","Craig"
"Carlos","Stewart"
"Stella","Douglas"
"Rebecca","Anderson"
"Daniel","Lloyd"
"Tara","Stewart"
"Rosie","Adams"
"Sophia","Kelly"
"Kellan","Stevens"
"Daisy","Phillips"
"Amelia","Williams"
"Chelsea","Morgan"
"Nicholas","Jones"
"Oliver","Hunt"
"Maya","Mason"
"Blake","Richards"
"Rick","Stewart"
"Vanessa","Russell"
"Jasmine","Mason"
"Dainton","Jones"
"Justin","Richardson"
"Oliver","West"
"Edward","Turner"
"Wilson","Dixon"
"Alisa","Ryan"
"Adelaide","Johnston"
"Deanna","Perkins"
"Roland","Murphy"
"Julia","Gibson"
"Lydia","Phillips"
"Miranda","Alexander"
"Olivia","Wells"
"Chelsea","Dixon"
"Isabella","Owens"
"Amber","Rogers"
"Abraham","Ferguson"
"Sofia","Owens"
"Stuart","Armstrong"
"Maya","Barrett"
"Edgar","Stewart"
"Michelle","Evans"
"Darcy","Watson"
"Adison","Carroll"
"Marcus","Morris"
"Arianna","Hill"
"Julia","Wilson"
"Lydia","Baker"
"Max","Riley"
"Harold","Robinson"
"Amber","Jones"
"Briony","Richardson"
"David","Foster"
"Amber","Hill"
"Connie","Brooks"
"Cherry","West"
"Gianna","Evans"
"Elise","Douglas"
"Arnold","Watson"
"Fiona","Cameron"
"Violet","Higgins"
"Alexia","Carroll"
"Miranda","Andrews"
"April","Casey"
"Robert","Elliott"
"James","Armstrong"
"Amelia","Thomas"
"Eric","Farrell"
"Maria","Rogers"
"Ryan","Henderson"
"Maya","Parker"
"Kellan","Williams"
"Camila","Edwards"
"Heather","Alexander"
"Rubie","Kelly"
"George","Spencer"
"Alan","Turner"
"Lucy","Kelly"
"Amy","Carter"
"Lana","Spencer"
"April","Kelly"
"Deanna","Davis"
"Samantha","Chapman"
"Heather","Ryan"
"Charlie","Nelson"
"Roman","Myers"
"Grace","Holmes"
"Connie","Lloyd"
"Kelsey","Murphy"
"Lucy","Scott"
"Luke","Morgan"
"Elian","Hunt"
"Derek","Fowler"
"Alissa","Howard"
"Maddie","Evans"
"Aldus","Chapman"
"Oliver","Tucker"
"Oscar","Perkins"
"Maya","Robinson"
"Sam","Hamilton"
"Patrick","Montgomery"
"Derek","Anderson"
"Abigail","Cole"
"Heather","Gray"
"Owen","Reed"
"Adison","Hall"
"Amber","Gibson"
"Aston","Baker"
"Byron","Ferguson"
"Madaline","Morgan"
"Miranda","Richards"
"Fenton","Armstrong"
"Ada","Gray"
"Alexander","Owens"
"Vanessa","Williams"
"Sydney","Payne"
"Sophia","Ferguson"
"Ted","Johnson"
"Daisy","Tucker"
"Elise","Kelly"
"Garry","Harrison"
"Jack","Armstrong"
"Kirsten","Richards"
"George","Hamilton"
"Roman","Holmes"
"Robert","Kelly"
"Amelia","Foster"
"Annabella","Wright"
"Carlos","Phillips"
"Rubie","Hawkins"
"Oliver","Cooper"
"Violet","Parker"
"Albert","Johnston"
"Ned","Johnson"
"Aston","Bailey"
"Abigail","Spencer"
"Jessica","Howard"
"Adele","Mitchell"
"Audrey","Wright"
"Dominik","Miller"
"Kelvin","Ross"
"Grace","Wright"
"Tara","Anderson"
"Daryl","Allen"
"Adrianna","Murphy"
"Vanessa","Smith"
"Ned","Grant"
"Antony","Grant"
"Evelyn","Scott"
"Sabrina","Murphy"
"Evelyn","Rogers"
"Robert","Campbell"
"Fiona","Adams"
"Sam","Harper"
"Rafael","Chapman"
"Paul","Riley"
"Kirsten","Thompson"
"Heather","Carroll"
"Chloe","Baker"
"Ted","Ferguson"
"Rosie","Owens"
"Alberta","West"
"Aldus","Elliott"
"Alfred","Gibson"
"Edward","Foster"
"Audrey","Morrison"
"Connie","Clark"
"Adrian","Murphy"
"Chloe","Hall"
"Rick","Carroll"
"Maria","Wells"
"Brooke","Chapman"
"Frederick","Murphy"
"Oscar","Fowler"
"Julia","Farrell"
"Eddy","Davis"
"Jasmine","Grant"
"Albert","Parker"
"Steven","Johnson"
"Jacob","Sullivan"
"Lily","Lloyd"
"Adam","Johnston"
"Adele","Barrett"
"Adison","Walker"
"Thomas","West"
"Amber","Perkins"
"Florrie","Allen"
"Melissa","Gray"
"Jack","Phillips"
"Edith","Ross"
"Fenton","Hamilton"
"Sophia","Hunt"
"Kate","Hill"
"Steven","Higgins"
"Maximilian","Riley"
"Kimberly","Parker"
"Penelope","Henderson"
"Penelope","Sullivan"
"Dominik","Harper"
"Catherine","Jones"
"Alissa","Chapman"
"Marcus","Harper"
"Steven","Campbell"
"Sabrina","Elliott"
"Rosie","Hunt"
"Jordan","Perry"
"Oscar","Anderson"
"Lilianna","Sullivan"
"Leonardo","Johnson"
"Brad","Johnston"
"Sabrina","Watson"
"Kelsey","Davis"
"Brianna","Warren"
"Sam","Hall"
"Lilianna","Smith"
"Ted","Hunt"
"Arnold","Hawkins"
"Alfred","Wells"
"Luke","Parker"
"Edward","Kelley"
"Edgar","Gray"
"Myra","Howard"
"Tess","Nelson"
"Reid","Wilson"
"Alina","Reed"
"Alisa","Elliott"
"Victor","Anderson"
"Ryan","Edwards"
"Elian","Howard"
"Chester","Ryan"
"Maya","Jones"
"Lyndon","West"
"Melanie","Brown"
"Tara","Henderson"
"Charlotte","Hawkins"
"Robert","Gibson"
"Julia","Thomas"
"Jared","Mason"
"Sophia","Barnes"
"Spike","Perry"
"Isabella","Andrews"
"Alissa","Richards"
"Kristian","Watson"
"Mary","Nelson"
"Michael","Thomas"
"Audrey","Campbell"
"Deanna","Allen"
"Lucia","Payne"
"Melissa","Mitchell"
"Sofia","Wilson"
"Adam","Turner"
"Darcy","Johnson"
"Tyler","Sullivan"
"Lydia","Parker"
"Lucia","Kelly"
"Charlotte","Moore"
"Cherry","Allen"
"Owen","Allen"
"Tara","Walker"
"Justin","Elliott"
"Julian","Tucker"
"Tyler","Farrell"
"Jack","Harris"
"Mary","Carroll"
"Adam","Casey"
"Paige","Brown"
"Sam","Harris"
"Julian","Craig"
"Brooke","Scott"
"Elise","Montgomery"
"Tiana","Gray"
"Steven","Evans"
"Adrianna","Baker"
"Jessica","Ross"
"Arnold","Hamilton"
"Robert","Ryan"
"Darcy","Hall"
"Daryl","Morrison"
"Lucia","Roberts"
"Deanna","Gibson"
"Alisa","Murphy"
"Ashton","Armstrong"
"Reid","Taylor"
"Dexter","Harris"
"Amelia","Douglas"
"Carina","Hamilton"
"Aldus","Carroll"
"Rafael","Kelly"
"Ashton","Jones"
"Stuart","Thompson"
"Frederick","Ryan"
"Clark","Crawford"
"Madaline","Kelly"
"Harold","Johnston"
"Eric","Clark"
"Wilson","Harrison"
"Chelsea","Martin"
"Blake","Hunt"
"Darcy","Higgins"
"Lily","Farrell"
"Amy","Kelly"
"Kate","Phillips"
"Haris","Richards"
"Miranda","Cooper"
"Belinda","Harris"
"Annabella","Farrell"
"Victoria","Edwards"
"David","Farrell"
"Carlos","Morrison"
"Maddie","Robinson"
"Chelsea","Thomas"
"Luke","Rogers"
"Spike","Evans"
"Kimberly","Brooks"
"Edith","Hill"
"Kate","Grant"
"Max","Taylor"
"Jack","Riley"
"Michelle","Brown"
"Elaine","Thompson"
"Dainton","Murray"
"Kimberly","Watson"
"Honey","Jones"
"Fiona","Morris"
"Amber","Miller"
"Roland","Andrews"
"Natalie","Mitchell"
"Amy","Parker"
"Dainton","Evans"
"Julian","Hunt"
"Alina","Farrell"
"Lilianna","Warren"
"Ted","Morgan"
"Gianna","Turner"
"Victor","Phillips"
"Vanessa","Johnson"
"Catherine","Harper"
"Derek","Morris"
"Sawyer","Owens"
"Daniel","Hawkins"
"Aida","Brown"
"Arianna","Chapman"
"Vanessa","Hawkins"
"Stuart","Parker"
"Sabrina","Payne"
"Steven","Richards"
"Daniel","Thompson"
"Patrick","Baker"
"Ryan","Tucker"
"Agata","Foster"
"Albert","Cooper"
"Edwin","Douglas"
"Cadie","Murphy"
"Rafael","Phillips"
"Stella","Jones"
"Tyler","Edwards"
"Cadie","Rogers"
"Ellia","Myers"
"Carlos","Lloyd"
"James","Perry"
"Grace","Adams"
"Adele","Clark"
"Kirsten","Turner"
"James","Harris"
"Charlotte","Brooks"
"Vincent","Edwards"
"Tony","Harper"
"Sabrina","Taylor"
"Brianna","Montgomery"
"Rosie","Jones"
"Eleanor","Baker"
"Sofia","Russell"
"Elaine","Phillips"
"Catherine","Crawford"
"Sarah","Chapman"
"Brianna","Sullivan"
"Julian","Ryan"
"Amber","Clark"
"Brad","Hill"
"Rubie","Cameron"
"Mike","Jones"
"Max","Thomas"
"Edith","Morrison"
"Amelia","Stevens"
"Natalie","Jones"
"Arianna","Bennett"
"Alisa","Johnston"
"Adrian","Riley"
"John","Murray"
"Victor","Nelson"
"Agata","Ross"
"Naomi","Turner"
"Preston","Adams"
"Fiona","Farrell"
"April","Hunt"
"Grace","Montgomery"
"William","Allen"
"April","Turner"
"Ted","Henderson"
"Catherine","Hall"
"Rosie","Robinson"
"Sawyer","Thompson"
"Edward","Jones"
"Abraham","Morris"
"Emma","Carter"
"Maximilian","Harris"
"Sawyer","Murphy"
"Daryl","Bailey"
"Alisa","Anderson"
"James","Carroll"
"Edward","Hall"
"Kristian","Williams"
"Justin","Davis"
"James","Elliott"
"Thomas","Roberts"
"Martin","Williams"
"Stella","Brown"
"George","Anderson"
"Preston","Casey"
"Blake","Wright"
"Sydney","Miller"
"Carl","Anderson"
"Darcy","Robinson"
"Kirsten","Mitchell"
"Grace","Parker"
"Miley","Elliott"
"Cadie","Wilson"
"Oscar","Bennett"
"Annabella","Thompson"
"Ted","Cole"
"Arthur","Anderson"
"Justin","Brown"
"Rafael","Douglas"
"Chester","Morgan"
"Owen","Casey"
"Eleanor","Ellis"
"Dainton","Mitchell"
"Savana","Tucker"
"Isabella","Taylor"
"Vincent","Miller"
"Lucy","Walker"
"Sarah","Perkins"
"Caroline","Thomas"
"Carina","Taylor"
"Martin","Carroll"
"Owen","Hall"
"Heather","Evans"
"Abigail","Jones"
"Carl","Foster"
"Freddie","Tucker"
"Rubie","Ross"
"Violet","Bailey"
"Abigail","Wells"
"Ellia","Gibson"
"Emma","Armstrong"
"Arnold","Cameron"
"Leonardo","Payne"
"Stuart","Gibson"
"Emily","Myers"
"Elise","Alexander"
"Jenna","Ross"
"James","Evans"
"Preston","Holmes"
"Lana","Cameron"
"Wilson","Ellis"
"Deanna","Reed"
"Darcy","Morrison"
"Melissa","Brooks"
"Alexia","Bennett"
"Byron","Warren"
"Reid","Armstrong"
"Agata","Richardson"
"Caroline","Thompson"
"Daryl","Kelley"
"Sienna","Ryan"
"Ryan","Ferguson"
"Vincent","Turner"
"Miley","Harrison"
"Rosie","Sullivan"
"Kirsten","Alexander"
"Oliver","Rogers"
"Florrie","Morrison"
"Lucia","Nelson"
"Daniel","Barrett"
"Kellan","Casey"
"Daryl","Higgins"
"Aston","Armstrong"
"Wilson","Lloyd"
"Kirsten","Scott"
"Rebecca","Dixon"
"Michael","Andrews"
"Chester","Armstrong"
"Thomas","Holmes"
"Kimberly","Wilson"
"Arthur","Mason"
"Chloe","Murray"
"Dainton","Alexander"
"Carlos","Kelley"
"April","Tucker"
"Amber","Carter"
"Adison","Perry"
"Alexia","Harper"
"Jasmine","Evans"
"Maximilian","Johnston"
"Thomas","Kelley"
"Blake","Alexander"
"Michael","Robinson"
"Sawyer","Davis"
"Savana","Andrews"
"Alan","Campbell"
"Valeria","Reed"
"Marcus","Roberts"
"Abraham","Higgins"
"Daisy","Ellis"
"Kristian","Fowler"
"Briony","Wells"
"Kimberly","Harrison"
"Dominik","Myers"
"Garry","Richards"
"Olivia","Watson"
"Julian","Howard"
"Tony","Armstrong"
"Reid","Williams"
"Tara","Thomas"
"Gianna","Kelly"
"Reid","Sullivan"
"Rebecca","Harrison"
"Vincent","Murphy"
"Victoria","Bennett"
"Victor","Roberts"
"Eddy","Russell"
"Tara","Scott"
"Alexia","Richards"
"Sienna","Evans"
"Audrey","Jones"
"Ellia","Cameron"
"Sophia","Thompson"
"Spike","Douglas"
"Ted","Payne"
"Lucy","Ryan"
"Oliver","Anderson"
"Dainton","Harrison"
"Walter","West"
"Cherry","Evans"
"Jack","Baker"
"Connie","Barrett"
"Kellan","Farrell"
"Alina","Gibson"
"Lucia","Wells"
"Cadie","Stewart"
"Caroline","Morrison"
"Clark","Grant"
"Alexander","Barnes"
"Catherine","Gibson"
"Tony","Johnston"
"Brad","Stewart"
"Kevin","Campbell"
"Stella","Higgins"
"Lily","Davis"
"Wilson","Spencer"
"Edgar","Carroll"
"April","Murphy"
"Adison","Wright"
"Lydia","Andrews"
"Garry","Ryan"
"Lenny","Stevens"
"Stuart","Cunningham"
"Chelsea","Hamilton"
"Cadie","Parker"
"Natalie","Douglas"
"John","Roberts"
"Sofia","Thomas"
"Dainton","Payne"
"Aston","Turner"
"Miley","Grant"
"Roland","Ellis"
"Leonardo","Dixon"
"Richard","Douglas"
"Ada","Holmes"
"Aldus","Howard"
"Freddie","Rogers"
"Adam","Carroll"
"Sarah","Edwards"
"Caroline","Anderson"
"Adrian","Carroll"
"Frederick","Ferguson"
"Paige","West"
"Alisa","Taylor"
"Sawyer","Morris"
"Caroline","Russell"
"Harold","Perkins"
"Walter","Myers"
"Kelsey","Richards"
"Marcus","Armstrong"
"Sarah","Ryan"
"Jack","Ferguson"
"Violet","Stewart"
"Jacob","Riley"
"Eric","Johnson"
"Savana","Perkins"
"Miller","Morris"
"Tyler","Phillips"
"Bruce","Cameron"
"Carl","Riley"
"Charlotte","Wilson"
"Annabella","Cameron"
"Madaline","Barnes"
"Alisa","Morgan"
"Emily","Barrett"
"Adam","Murray"
"Justin","Hall"
"Isabella","Payne"
"Nicholas","Murray"
"Camila","Murphy"
"Ted","Walker"
"Frederick","Chapman"
"Alberta","Cameron"
"Florrie","Warren"
"Cadie","Grant"
"Paul","Holmes"
"Alfred","Bennett"
"Anna","Clark"
"Leonardo","Bailey"
"Garry","Moore"
"Caroline","Baker"
"Jenna","Johnston"
"Valeria","Turner"
"Maria","Martin"
"Robert","Cunningham"
"Vanessa","Rogers"
"Jasmine","Tucker"
"Amber","Cooper"
"Jessica","Wright"
"Edith","Mason"
"Tess","Wilson"
"Tess","Stevens"
"Lucas","Cooper"
"Sofia","Davis"
"Dainton","Richardson"
"Penelope","Fowler"
"Jessica","Brown"
"Julia","Parker"
"Victor","Foster"
"Camila","Fowler"
"Dexter","Wells"
"Luke","Hunt"
"Garry","Russell"
"Max","Sullivan"
"Adrian","Dixon"
"Amelia","Cameron"
"Savana","Warren"
"Haris","Sullivan"
"Daisy","Cunningham"
"Briony","Campbell"
"Tiana","Robinson"
"Melanie","Tucker"
"April","Barrett"
"Vincent","West"
"Kirsten","Perry"
"David","Elliott"
"Adison","Harrison"
"Maria","Richardson"
"Agata","Montgomery"
"Sawyer","Cunningham"
"Lydia","Ferguson"
"Alen","Smith"
"Rosie","Holmes"
"Melissa","Allen"
"Abraham","Farrell"
"John","Taylor"
"Cadie","Kelly"
"Agata","Ryan"
"Abraham","Elliott"
"Tiana","Murray"
"Brooke","Sullivan"
"Isabella","Russell"
"Antony","West"
"Marcus","Reed"
"Emily","Morgan"
"Abigail","Thompson"
"Edwin","Brown"
"Victoria","Phillips"
"Luke","Davis"
"Steven","Carter"
"Mary","Cunningham"
"Charlie","Hunt"
"Penelope","Harrison"
"Alfred","Thomas"
"Aldus","Davis"
"Stella","Russell"
"James","Hamilton"
"John","Henderson"
"Michelle","Montgomery"
"Kirsten","Hamilton"
"Jenna","Moore"
"Alexander","Morrison"
"Frederick","Richards"
"Carlos","Grant"
"Penelope","Payne"
"Paige","Dixon"
"Adam","Clark"
"Michelle","Taylor"
"Reid","Barnes"
"Miley","Perkins"
"Tyler","Craig"
"Isabella","Harper"
"Carina","Harrison"
"Elian","Thomas"
"Paige","Baker"
"Freddie","Chapman"
"Carlos","Spencer"
"Chloe","Gibson"
"Tess","Hamilton"
"Tara","Murphy"
"Robert","Stewart"
"Ellia","Roberts"
"Ted","Farrell"
"Oliver","Craig"
"Michelle","Hill"
"Aston","Edwards"
"Nicholas","Brooks"
"Sophia","Thomas"
"Julia","Dixon"
"Jasmine","Bennett"
"Adelaide","Roberts"
"Victor","Barrett"
"Amelia","Richards"
"Caroline","Montgomery"
"Ryan","Richards"
"Albert","Edwards"
"Darcy","Myers"
"Antony","Brown"
"Miranda","Hill"
"Lana","Scott"
"Jared","Barnes"
"Jessica","Stevens"
"Elise","Perkins"
"Albert","Dixon"
"Harold","Watson"
"Jack","Hill"
"Alexander","Alexander"
"Deanna","Cole"
"Fenton","Carter"
"Victor","Walker"
"Max","Gray"
"Freddie","Jones"
"Agata","Payne"
"Kevin","Warren"
"Victor","Watson"
"Alfred","Robinson"
"Florrie","Mitchell"
"Adrian","Barnes"
"Heather","Bennett"
"Eric","Wilson"
"Elaine","Davis"
"Jack","Smith"
"Cadie","Lloyd"
"Carina","West"
"Andrew","Thomas"
"Alexia","Warren"
"Samantha","Hall"
"Preston","Grant"
"Andrew","Turner"
"Spike","Hunt"
"Brooke","Craig"
"Anna","Kelley"
"Blake","Morrison"
"Ned","Turner"
"Elise","Johnston"
"John","Spencer"
"Audrey","Baker"
"Patrick","Farrell"
"Freddie","Murray"
"Abraham","Kelley"
"Michelle","Allen"
"Arthur","Henderson"
"Rafael","Bailey"
"Daisy","Clark"
"James","Cunningham"
"Adison","Mason"
"Adam","Martin"
"Annabella","Scott"
"Daisy","Richards"
"Lana","Wright"
"Ada","Robinson"
"Roland","Myers"
"David","Ross"
"Byron","Russell"
"Preston","Payne"
"Sydney","Harris"
"Daniel","Ferguson"
"Lana","Crawford"
"Daniel","Montgomery"
"Rubie","Moore"
"Robert","Brown"
"Vanessa","Cole"
"Nicole","Rogers"
"Emily","Carter"
"Martin","Harper"
"Arnold","Hill"
"Olivia","Wilson"
"Chester","Kelley"
"Lana","Evans"
"Carl","Alexander"
"Justin","Barrett"
"Sarah","Brown"
"Anna","Myers"
"Dainton","Robinson"
"Vivian","Jones"
"Adelaide","Morrison"
"Savana","Barnes"
"Honey","Adams"
"James","Murray"
"Alen","Richardson"
"Miley","Jones"
"Fiona","Harris"
"Michelle","Riley"
"Tony","Morrison"
"Edgar","Holmes"
"Rebecca","Evans"
"Andrew","Carter"
"Charlie","Owens"
"Lenny","Ellis"
"Adam","Holmes"
"Miley","Kelly"
"James","Mitchell"
"Mary","Gray"
"Sienna","Higgins"
"Albert","Clark"
